<?xml version="1.0" encoding="UTF-8"?>
<configurationDescriptor version="65">
  <logicalFolder name="root" displayName="root" projectFiles="true">
    <logicalFolder name="HeaderFiles"
                   displayName="Header Files"
                   projectFiles="true">
      <logicalFolder name="config" displayName="config" projectFiles="true">
        <logicalFolder name="sam_e54_xpro"
                       displayName="sam_e54_xpro"
                       projectFiles="true">
          <logicalFolder name="peripheral" displayName="peripheral" projectFiles="true">
            <logicalFolder name="clock" displayName="clock" projectFiles="true">
              <itemPath>../src/config/sam_e54_xpro/peripheral/clock/plib_clock.h</itemPath>
            </logicalFolder>
            <logicalFolder name="cmcc" displayName="cmcc" projectFiles="true">
              <itemPath>../src/config/sam_e54_xpro/peripheral/cmcc/plib_cmcc.h</itemPath>
            </logicalFolder>
            <logicalFolder name="evsys" displayName="evsys" projectFiles="true">
              <itemPath>../src/config/sam_e54_xpro/peripheral/evsys/plib_evsys.h</itemPath>
            </logicalFolder>
            <logicalFolder name="nvic" displayName="nvic" projectFiles="true">
              <itemPath>../src/config/sam_e54_xpro/peripheral/nvic/plib_nvic.h</itemPath>
            </logicalFolder>
            <logicalFolder name="nvmctrl" displayName="nvmctrl" projectFiles="true">
              <itemPath>../src/config/sam_e54_xpro/peripheral/nvmctrl/plib_nvmctrl.h</itemPath>
            </logicalFolder>
            <logicalFolder name="port" displayName="port" projectFiles="true">
              <itemPath>../src/config/sam_e54_xpro/peripheral/port/plib_port.h</itemPath>
            </logicalFolder>
            <logicalFolder name="sercom" displayName="sercom" projectFiles="true">
              <logicalFolder name="spi_master" displayName="spi_master" projectFiles="true">
                <itemPath>../src/config/sam_e54_xpro/peripheral/sercom/spi_master/plib_sercom_spi_master_common.h</itemPath>
                <itemPath>../src/config/sam_e54_xpro/peripheral/sercom/spi_master/plib_sercom6_spi_master.h</itemPath>
              </logicalFolder>
              <logicalFolder name="usart" displayName="usart" projectFiles="true">
                <itemPath>../src/config/sam_e54_xpro/peripheral/sercom/usart/plib_sercom_usart_common.h</itemPath>
                <itemPath>../src/config/sam_e54_xpro/peripheral/sercom/usart/plib_sercom2_usart.h</itemPath>
              </logicalFolder>
            </logicalFolder>
            <logicalFolder name="systick" displayName="systick" projectFiles="true">
              <itemPath>../src/config/sam_e54_xpro/peripheral/systick/plib_systick.h</itemPath>
            </logicalFolder>
          </logicalFolder>
          <logicalFolder name="touch_host_interface"
                         displayName="touch_host_interface"
                         projectFiles="true">
            <itemPath>../src/config/sam_e54_xpro/touch_host_interface/touchTune.h</itemPath>
            <itemPath>../src/config/sam_e54_xpro/touch_host_interface/touchSPI.h</itemPath>
            <itemPath>../src/config/sam_e54_xpro/touch_host_interface/touch_host_driver.h</itemPath>
            <itemPath>../src/config/sam_e54_xpro/touch_host_interface/at42qt1110.h</itemPath>
          </logicalFolder>
          <itemPath>../src/config/sam_e54_xpro/device_vectors.h</itemPath>
          <itemPath>../src/config/sam_e54_xpro/interrupts.h</itemPath>
          <itemPath>../src/config/sam_e54_xpro/definitions.h</itemPath>
          <itemPath>../src/config/sam_e54_xpro/toolchain_specifics.h</itemPath>
          <itemPath>../src/config/sam_e54_xpro/device.h</itemPath>
          <itemPath>../src/config/sam_e54_xpro/device_cache.h</itemPath>
        </logicalFolder>
      </logicalFolder>
      <logicalFolder name="packs" displayName="packs" projectFiles="true">
        <logicalFolder name="ATSAME54P20A_DFP"
                       displayName="ATSAME54P20A_DFP"
                       projectFiles="true">
          <logicalFolder name="component" displayName="component" projectFiles="true">
            <itemPath>../src/packs/ATSAME54P20A_DFP/component/i2s.h</itemPath>
            <itemPath>../src/packs/ATSAME54P20A_DFP/component/evsys.h</itemPath>
            <itemPath>../src/packs/ATSAME54P20A_DFP/component/tcc.h</itemPath>
            <itemPath>../src/packs/ATSAME54P20A_DFP/component/dac.h</itemPath>
            <itemPath>../src/packs/ATSAME54P20A_DFP/component/freqm.h</itemPath>
            <itemPath>../src/packs/ATSAME54P20A_DFP/component/ccl.h</itemPath>
            <itemPath>../src/packs/ATSAME54P20A_DFP/component/pdec.h</itemPath>
            <itemPath>../src/packs/ATSAME54P20A_DFP/component/trng.h</itemPath>
            <itemPath>../src/packs/ATSAME54P20A_DFP/component/qspi.h</itemPath>
            <itemPath>../src/packs/ATSAME54P20A_DFP/component/pcc.h</itemPath>
            <itemPath>../src/packs/ATSAME54P20A_DFP/component/adc.h</itemPath>
            <itemPath>../src/packs/ATSAME54P20A_DFP/component/fuses.h</itemPath>
            <itemPath>../src/packs/ATSAME54P20A_DFP/component/oscctrl.h</itemPath>
            <itemPath>../src/packs/ATSAME54P20A_DFP/component/ramecc.h</itemPath>
            <itemPath>../src/packs/ATSAME54P20A_DFP/component/nvmctrl.h</itemPath>
            <itemPath>../src/packs/ATSAME54P20A_DFP/component/dsu.h</itemPath>
            <itemPath>../src/packs/ATSAME54P20A_DFP/component/gmac.h</itemPath>
            <itemPath>../src/packs/ATSAME54P20A_DFP/component/supc.h</itemPath>
            <itemPath>../src/packs/ATSAME54P20A_DFP/component/icm.h</itemPath>
            <itemPath>../src/packs/ATSAME54P20A_DFP/component/rstc.h</itemPath>
            <itemPath>../src/packs/ATSAME54P20A_DFP/component/pm.h</itemPath>
            <itemPath>../src/packs/ATSAME54P20A_DFP/component/wdt.h</itemPath>
            <itemPath>../src/packs/ATSAME54P20A_DFP/component/tc.h</itemPath>
            <itemPath>../src/packs/ATSAME54P20A_DFP/component/dmac.h</itemPath>
            <itemPath>../src/packs/ATSAME54P20A_DFP/component/pac.h</itemPath>
            <itemPath>../src/packs/ATSAME54P20A_DFP/component/eic.h</itemPath>
            <itemPath>../src/packs/ATSAME54P20A_DFP/component/port.h</itemPath>
            <itemPath>../src/packs/ATSAME54P20A_DFP/component/ac.h</itemPath>
            <itemPath>../src/packs/ATSAME54P20A_DFP/component/osc32kctrl.h</itemPath>
            <itemPath>../src/packs/ATSAME54P20A_DFP/component/usb.h</itemPath>
            <itemPath>../src/packs/ATSAME54P20A_DFP/component/rtc.h</itemPath>
            <itemPath>../src/packs/ATSAME54P20A_DFP/component/aes.h</itemPath>
            <itemPath>../src/packs/ATSAME54P20A_DFP/component/mclk.h</itemPath>
            <itemPath>../src/packs/ATSAME54P20A_DFP/component/sdhc.h</itemPath>
            <itemPath>../src/packs/ATSAME54P20A_DFP/component/cmcc.h</itemPath>
            <itemPath>../src/packs/ATSAME54P20A_DFP/component/sercom.h</itemPath>
            <itemPath>../src/packs/ATSAME54P20A_DFP/component/can.h</itemPath>
            <itemPath>../src/packs/ATSAME54P20A_DFP/component/gclk.h</itemPath>
            <itemPath>../src/packs/ATSAME54P20A_DFP/component/pukcc.h</itemPath>
            <itemPath>../src/packs/ATSAME54P20A_DFP/component/hmatrixb.h</itemPath>
          </logicalFolder>
          <logicalFolder name="instance" displayName="instance" projectFiles="true">
            <itemPath>../src/packs/ATSAME54P20A_DFP/instance/oscctrl.h</itemPath>
            <itemPath>../src/packs/ATSAME54P20A_DFP/instance/can0.h</itemPath>
            <itemPath>../src/packs/ATSAME54P20A_DFP/instance/tc3.h</itemPath>
            <itemPath>../src/packs/ATSAME54P20A_DFP/instance/sdhc1.h</itemPath>
            <itemPath>../src/packs/ATSAME54P20A_DFP/instance/dmac.h</itemPath>
            <itemPath>../src/packs/ATSAME54P20A_DFP/instance/tcc2.h</itemPath>
            <itemPath>../src/packs/ATSAME54P20A_DFP/instance/tc7.h</itemPath>
            <itemPath>../src/packs/ATSAME54P20A_DFP/instance/sercom0.h</itemPath>
            <itemPath>../src/packs/ATSAME54P20A_DFP/instance/sercom4.h</itemPath>
            <itemPath>../src/packs/ATSAME54P20A_DFP/instance/icm.h</itemPath>
            <itemPath>../src/packs/ATSAME54P20A_DFP/instance/wdt.h</itemPath>
            <itemPath>../src/packs/ATSAME54P20A_DFP/instance/cmcc.h</itemPath>
            <itemPath>../src/packs/ATSAME54P20A_DFP/instance/can1.h</itemPath>
            <itemPath>../src/packs/ATSAME54P20A_DFP/instance/nvmctrl.h</itemPath>
            <itemPath>../src/packs/ATSAME54P20A_DFP/instance/supc.h</itemPath>
            <itemPath>../src/packs/ATSAME54P20A_DFP/instance/gmac.h</itemPath>
            <itemPath>../src/packs/ATSAME54P20A_DFP/instance/tc2.h</itemPath>
            <itemPath>../src/packs/ATSAME54P20A_DFP/instance/osc32kctrl.h</itemPath>
            <itemPath>../src/packs/ATSAME54P20A_DFP/instance/pac.h</itemPath>
            <itemPath>../src/packs/ATSAME54P20A_DFP/instance/adc1.h</itemPath>
            <itemPath>../src/packs/ATSAME54P20A_DFP/instance/rtc.h</itemPath>
            <itemPath>../src/packs/ATSAME54P20A_DFP/instance/evsys.h</itemPath>
            <itemPath>../src/packs/ATSAME54P20A_DFP/instance/port.h</itemPath>
            <itemPath>../src/packs/ATSAME54P20A_DFP/instance/tcc3.h</itemPath>
            <itemPath>../src/packs/ATSAME54P20A_DFP/instance/tc6.h</itemPath>
            <itemPath>../src/packs/ATSAME54P20A_DFP/instance/sercom1.h</itemPath>
            <itemPath>../src/packs/ATSAME54P20A_DFP/instance/sercom5.h</itemPath>
            <itemPath>../src/packs/ATSAME54P20A_DFP/instance/ramecc.h</itemPath>
            <itemPath>../src/packs/ATSAME54P20A_DFP/instance/aes.h</itemPath>
            <itemPath>../src/packs/ATSAME54P20A_DFP/instance/tc1.h</itemPath>
            <itemPath>../src/packs/ATSAME54P20A_DFP/instance/fuses.h</itemPath>
            <itemPath>../src/packs/ATSAME54P20A_DFP/instance/adc0.h</itemPath>
            <itemPath>../src/packs/ATSAME54P20A_DFP/instance/pcc.h</itemPath>
            <itemPath>../src/packs/ATSAME54P20A_DFP/instance/rstc.h</itemPath>
            <itemPath>../src/packs/ATSAME54P20A_DFP/instance/tcc0.h</itemPath>
            <itemPath>../src/packs/ATSAME54P20A_DFP/instance/ccl.h</itemPath>
            <itemPath>../src/packs/ATSAME54P20A_DFP/instance/dac.h</itemPath>
            <itemPath>../src/packs/ATSAME54P20A_DFP/instance/tcc4.h</itemPath>
            <itemPath>../src/packs/ATSAME54P20A_DFP/instance/tc5.h</itemPath>
            <itemPath>../src/packs/ATSAME54P20A_DFP/instance/sercom2.h</itemPath>
            <itemPath>../src/packs/ATSAME54P20A_DFP/instance/sercom6.h</itemPath>
            <itemPath>../src/packs/ATSAME54P20A_DFP/instance/hmatrix.h</itemPath>
            <itemPath>../src/packs/ATSAME54P20A_DFP/instance/trng.h</itemPath>
            <itemPath>../src/packs/ATSAME54P20A_DFP/instance/pdec.h</itemPath>
            <itemPath>../src/packs/ATSAME54P20A_DFP/instance/eic.h</itemPath>
            <itemPath>../src/packs/ATSAME54P20A_DFP/instance/mclk.h</itemPath>
            <itemPath>../src/packs/ATSAME54P20A_DFP/instance/pm.h</itemPath>
            <itemPath>../src/packs/ATSAME54P20A_DFP/instance/tc4.h</itemPath>
            <itemPath>../src/packs/ATSAME54P20A_DFP/instance/sdhc0.h</itemPath>
            <itemPath>../src/packs/ATSAME54P20A_DFP/instance/tc0.h</itemPath>
            <itemPath>../src/packs/ATSAME54P20A_DFP/instance/usb.h</itemPath>
            <itemPath>../src/packs/ATSAME54P20A_DFP/instance/gclk.h</itemPath>
            <itemPath>../src/packs/ATSAME54P20A_DFP/instance/tcc1.h</itemPath>
            <itemPath>../src/packs/ATSAME54P20A_DFP/instance/sercom7.h</itemPath>
            <itemPath>../src/packs/ATSAME54P20A_DFP/instance/ac.h</itemPath>
            <itemPath>../src/packs/ATSAME54P20A_DFP/instance/qspi.h</itemPath>
            <itemPath>../src/packs/ATSAME54P20A_DFP/instance/freqm.h</itemPath>
            <itemPath>../src/packs/ATSAME54P20A_DFP/instance/sercom3.h</itemPath>
            <itemPath>../src/packs/ATSAME54P20A_DFP/instance/dsu.h</itemPath>
            <itemPath>../src/packs/ATSAME54P20A_DFP/instance/i2s.h</itemPath>
          </logicalFolder>
          <logicalFolder name="pio" displayName="pio" projectFiles="true">
            <itemPath>../src/packs/ATSAME54P20A_DFP/pio/same54p20a.h</itemPath>
          </logicalFolder>
          <itemPath>../src/packs/ATSAME54P20A_DFP/same54p20a.h</itemPath>
        </logicalFolder>
        <logicalFolder name="CMSIS" displayName="CMSIS" projectFiles="true">
          <logicalFolder name="CMSIS" displayName="CMSIS" projectFiles="true">
            <logicalFolder name="Core" displayName="Core" projectFiles="true">
              <logicalFolder name="Include" displayName="Include" projectFiles="true">
                <itemPath>../src/packs/CMSIS/CMSIS/Core/Include/cmsis_iccarm.h</itemPath>
                <itemPath>../src/packs/CMSIS/CMSIS/Core/Include/mpu_armv7.h</itemPath>
                <itemPath>../src/packs/CMSIS/CMSIS/Core/Include/cmsis_version.h</itemPath>
                <itemPath>../src/packs/CMSIS/CMSIS/Core/Include/cmsis_armcc.h</itemPath>
                <itemPath>../src/packs/CMSIS/CMSIS/Core/Include/cachel1_armv7.h</itemPath>
                <itemPath>../src/packs/CMSIS/CMSIS/Core/Include/core_cm4.h</itemPath>
                <itemPath>../src/packs/CMSIS/CMSIS/Core/Include/cmsis_compiler.h</itemPath>
                <itemPath>../src/packs/CMSIS/CMSIS/Core/Include/cmsis_armclang.h</itemPath>
                <itemPath>../src/packs/CMSIS/CMSIS/Core/Include/cmsis_gcc.h</itemPath>
                <itemPath>../src/packs/CMSIS/CMSIS/Core/Include/cmsis_armclang_ltm.h</itemPath>
              </logicalFolder>
            </logicalFolder>
          </logicalFolder>
        </logicalFolder>
      </logicalFolder>
    </logicalFolder>
    <logicalFolder name="LinkerScript"
                   displayName="Linker Files"
                   projectFiles="true">
      <logicalFolder name="config" displayName="config" projectFiles="true">
        <logicalFolder name="sam_e54_xpro"
                       displayName="sam_e54_xpro"
                       projectFiles="true">
          <itemPath>../src/config/sam_e54_xpro/ATSAME54P20A.ld</itemPath>
        </logicalFolder>
      </logicalFolder>
    </logicalFolder>
    <logicalFolder name="SourceFiles"
                   displayName="Source Files"
                   projectFiles="true">
      <logicalFolder name="config" displayName="config" projectFiles="true">
        <logicalFolder name="sam_e54_xpro"
                       displayName="sam_e54_xpro"
                       projectFiles="true">
          <logicalFolder name="peripheral" displayName="peripheral" projectFiles="true">
            <logicalFolder name="clock" displayName="clock" projectFiles="true">
              <itemPath>../src/config/sam_e54_xpro/peripheral/clock/plib_clock.c</itemPath>
            </logicalFolder>
            <logicalFolder name="cmcc" displayName="cmcc" projectFiles="true">
              <itemPath>../src/config/sam_e54_xpro/peripheral/cmcc/plib_cmcc.c</itemPath>
            </logicalFolder>
            <logicalFolder name="evsys" displayName="evsys" projectFiles="true">
              <itemPath>../src/config/sam_e54_xpro/peripheral/evsys/plib_evsys.c</itemPath>
            </logicalFolder>
            <logicalFolder name="nvic" displayName="nvic" projectFiles="true">
              <itemPath>../src/config/sam_e54_xpro/peripheral/nvic/plib_nvic.c</itemPath>
            </logicalFolder>
            <logicalFolder name="nvmctrl" displayName="nvmctrl" projectFiles="true">
              <itemPath>../src/config/sam_e54_xpro/peripheral/nvmctrl/plib_nvmctrl.c</itemPath>
            </logicalFolder>
            <logicalFolder name="port" displayName="port" projectFiles="true">
              <itemPath>../src/config/sam_e54_xpro/peripheral/port/plib_port.c</itemPath>
            </logicalFolder>
            <logicalFolder name="sercom" displayName="sercom" projectFiles="true">
              <logicalFolder name="spi_master" displayName="spi_master" projectFiles="true">
                <itemPath>../src/config/sam_e54_xpro/peripheral/sercom/spi_master/plib_sercom6_spi_master.c</itemPath>
              </logicalFolder>
              <logicalFolder name="usart" displayName="usart" projectFiles="true">
                <itemPath>../src/config/sam_e54_xpro/peripheral/sercom/usart/plib_sercom2_usart.c</itemPath>
              </logicalFolder>
            </logicalFolder>
            <logicalFolder name="systick" displayName="systick" projectFiles="true">
              <itemPath>../src/config/sam_e54_xpro/peripheral/systick/plib_systick.c</itemPath>
            </logicalFolder>
          </logicalFolder>
          <logicalFolder name="stdio" displayName="stdio" projectFiles="true">
            <itemPath>../src/config/sam_e54_xpro/stdio/xc32_monitor.c</itemPath>
          </logicalFolder>
          <logicalFolder name="touch_host_interface"
                         displayName="touch_host_interface"
                         projectFiles="true">
            <itemPath>../src/config/sam_e54_xpro/touch_host_interface/touchTune.c</itemPath>
            <itemPath>../src/config/sam_e54_xpro/touch_host_interface/touchSPI.c</itemPath>
            <itemPath>../src/config/sam_e54_xpro/touch_host_interface/at42qt1110_host_example.c</itemPath>
            <itemPath>../src/config/sam_e54_xpro/touch_host_interface/at42qt1110.c</itemPath>
          </logicalFolder>
          <itemPath>../src/config/sam_e54_xpro/libc_syscalls.c</itemPath>
          <itemPath>../src/config/sam_e54_xpro/interrupts.c</itemPath>
          <itemPath>../src/config/sam_e54_xpro/initialization.c</itemPath>
          <itemPath>../src/config/sam_e54_xpro/startup_xc32.c</itemPath>
          <itemPath>../src/config/sam_e54_xpro/exceptions.c</itemPath>
        </logicalFolder>
      </logicalFolder>
      <itemPath>../src/main.c</itemPath>
    </logicalFolder>
    <logicalFolder name="ExternalFiles"
                   displayName="Important Files"
                   projectFiles="false">
      <itemPath>Makefile</itemPath>
      <itemPath>sam_e54_xpro.mc3</itemPath>
    </logicalFolder>
  </logicalFolder>
  <sourceRootList>
    <Elem>../src</Elem>
  </sourceRootList>
  <projectmakefile>Makefile</projectmakefile>
  <confs>
    <conf name="sam_e54_xpro" type="2">
      <toolsSet>
        <developmentServer>localhost</developmentServer>
        <targetDevice>ATSAME54P20A</targetDevice>
        <targetHeader></targetHeader>
        <targetPluginBoard></targetPluginBoard>
        <platformTool>PICkit3PlatformTool</platformTool>
        <languageToolchain>XC32</languageToolchain>
        <languageToolchainVersion>2.00</languageToolchainVersion>
        <platform>3</platform>
      </toolsSet>
      <packs>
        <pack name="SAME54_DFP" vendor="Microchip" version="3.6.95"/>
        <pack name="CMSIS" vendor="ARM" version="5.4.0"/>
      </packs>
      <ScriptingSettings>
      </ScriptingSettings>
      <compileType>
        <linkerTool>
          <linkerLibItems>
          </linkerLibItems>
        </linkerTool>
        <archiverTool>
        </archiverTool>
        <loading>
          <useAlternateLoadableFile>false</useAlternateLoadableFile>
          <parseOnProdLoad>false</parseOnProdLoad>
          <alternateLoadableFile></alternateLoadableFile>
        </loading>
        <subordinates>
        </subordinates>
      </compileType>
      <makeCustomizationType>
        <makeCustomizationPreStepEnabled>false</makeCustomizationPreStepEnabled>
        <makeUseCleanTarget>false</makeUseCleanTarget>
        <makeCustomizationPreStep></makeCustomizationPreStep>
        <makeCustomizationPostStepEnabled>false</makeCustomizationPostStepEnabled>
        <makeCustomizationPostStep></makeCustomizationPostStep>
        <makeCustomizationPutChecksumInUserID>false</makeCustomizationPutChecksumInUserID>
        <makeCustomizationEnableLongLines>false</makeCustomizationEnableLongLines>
        <makeCustomizationNormalizeHexFile>false</makeCustomizationNormalizeHexFile>
      </makeCustomizationType>
      <C32>
        <property key="additional-warnings" value="true"/>
        <property key="appendMe" value=""/>
        <property key="enable-app-io" value="false"/>
        <property key="enable-omit-frame-pointer" value="false"/>
        <property key="enable-symbols" value="true"/>
        <property key="enable-unroll-loops" value="false"/>
        <property key="exclude-floating-point" value="false"/>
        <property key="extra-include-directories"
                  value="../src;../src/config/sam_e54_xpro;../src/packs/ATSAME54P20A_DFP;../src/packs/CMSIS/CMSIS/Core/Include;../src/packs/CMSIS/;"/>
        <property key="generate-16-bit-code" value="false"/>
        <property key="generate-micro-compressed-code" value="false"/>
        <property key="isolate-each-function" value="true"/>
        <property key="make-warnings-into-errors" value="true"/>
        <property key="optimization-level" value="-O1"/>
        <property key="place-data-into-section" value="false"/>
        <property key="post-instruction-scheduling" value="default"/>
        <property key="pre-instruction-scheduling" value="default"/>
        <property key="preprocessor-macros" value=""/>
        <property key="strict-ansi" value="false"/>
        <property key="support-ansi" value="false"/>
        <property key="use-cci" value="false"/>
        <property key="use-iar" value="false"/>
        <property key="use-indirect-calls" value="false"/>
      </C32>
      <C32-AR>
        <property key="additional-options-chop-files" value="false"/>
      </C32-AR>
      <C32-CO>
        <property key="coverage-enable" value=""/>
        <property key="stack-guidance" value="false"/>
      </C32-CO>
      <C32-LD>
        <property key="additional-options-use-response-files" value="false"/>
        <property key="appendMe" value=""/>
        <property key="enable-check-sections" value="false"/>
        <property key="exclude-floating-point-library" value="false"/>
        <property key="exclude-standard-libraries" value="false"/>
        <property key="extra-lib-directories" value=""/>
        <property key="fill-flash-options-addr" value=""/>
        <property key="fill-flash-options-const" value=""/>
        <property key="fill-flash-options-how" value="0"/>
        <property key="fill-flash-options-inc-const" value="1"/>
        <property key="fill-flash-options-increment" value=""/>
        <property key="fill-flash-options-seq" value=""/>
        <property key="fill-flash-options-what" value="0"/>
        <property key="generate-16-bit-code" value="false"/>
        <property key="generate-cross-reference-file" value="false"/>
        <property key="generate-micro-compressed-code" value="false"/>
        <property key="heap-size" value="512"/>
        <property key="input-libraries" value=""/>
        <property key="linker-symbols" value=""/>
        <property key="map-file" value="${DISTDIR}/${PROJECTNAME}.${IMAGE_TYPE}.map"/>
        <property key="no-device-startup-code" value="true"/>
        <property key="no-startup-files" value="false"/>
        <property key="oXC32ld-extra-opts" value=""/>
        <property key="optimization-level" value=""/>
        <property key="preprocessor-macros" value=";;"/>
        <property key="remove-unused-sections" value="true"/>
        <property key="report-memory-usage" value="false"/>
        <property key="stack-size" value=""/>
        <property key="symbol-stripping" value=""/>
        <property key="trace-symbols" value=""/>
        <property key="warn-section-align" value="false"/>
      </C32-LD>
      <C32CPP>
        <property key="additional-warnings" value="false"/>
        <property key="appendMe" value=""/>
        <property key="check-new" value="false"/>
        <property key="eh-specs" value="true"/>
        <property key="enable-app-io" value="false"/>
        <property key="enable-omit-frame-pointer" value="false"/>
        <property key="enable-symbols" value="true"/>
        <property key="enable-unroll-loops" value="false"/>
        <property key="exceptions" value="true"/>
        <property key="exclude-floating-point" value="false"/>
        <property key="extra-include-directories"
                  value="../src;../src/config/sam_e54_xpro;../src/packs/ATSAME54P20A_DFP;../src/packs/CMSIS/CMSIS/Core/Include;../src/packs/CMSIS/;"/>
        <property key="generate-16-bit-code" value="false"/>
        <property key="generate-micro-compressed-code" value="false"/>
        <property key="isolate-each-function" value="true"/>
        <property key="make-warnings-into-errors" value="false"/>
        <property key="optimization-level" value="-O1"/>
        <property key="place-data-into-section" value="false"/>
        <property key="post-instruction-scheduling" value="default"/>
        <property key="pre-instruction-scheduling" value="default"/>
        <property key="preprocessor-macros" value=""/>
        <property key="rtti" value="true"/>
        <property key="strict-ansi" value="false"/>
        <property key="use-cci" value="false"/>
        <property key="use-iar" value="false"/>
        <property key="use-indirect-calls" value="false"/>
      </C32CPP>
      <C32Global>
        <property key="appendMe" value=""/>
        <property key="gp-relative-option" value=""/>
        <property key="legacy-libc" value="false"/>
        <property key="mdtcm" value=""/>
        <property key="mitcm" value=""/>
        <property key="mstacktcm" value="false"/>
        <property key="save-temps" value="false"/>
        <property key="wpo-lto" value="false"/>
      </C32Global>
      <PICkit3PlatformTool>
        <property key="ADC 1" value="true"/>
        <property key="AutoSelectMemRanges" value="auto"/>
        <property key="CHANGE NOTICE" value="true"/>
        <property key="COMPARATOR" value="true"/>
        <property key="CTMU" value="true"/>
        <property key="DMA" value="true"/>
        <property key="Freeze All Other Peripherals" value="true"/>
        <property key="I2C1" value="true"/>
        <property key="I2C2" value="true"/>
        <property key="INPUT CAPTURE 1" value="true"/>
        <property key="INPUT CAPTURE 2" value="true"/>
        <property key="INPUT CAPTURE 3" value="true"/>
        <property key="INPUT CAPTURE 4" value="true"/>
        <property key="INPUT CAPTURE 5" value="true"/>
        <property key="INTERRUPT CONTROL" value="true"/>
        <property key="OUTPUT COMPARE 1" value="true"/>
        <property key="OUTPUT COMPARE 2" value="true"/>
        <property key="OUTPUT COMPARE 3" value="true"/>
        <property key="OUTPUT COMPARE 4" value="true"/>
        <property key="OUTPUT COMPARE 5" value="true"/>
        <property key="PARALLEL MASTER/SLAVE PORT" value="true"/>
        <property key="REAL TIME CLOCK" value="true"/>
        <property key="SPI/I2S 1" value="true"/>
        <property key="SPI/I2S 2" value="true"/>
        <property key="SecureSegment.SegmentProgramming" value="FullChipProgramming"/>
        <property key="TIMER1" value="true"/>
        <property key="TIMER2" value="true"/>
        <property key="TIMER3" value="true"/>
        <property key="TIMER4" value="true"/>
        <property key="TIMER5" value="true"/>
        <property key="ToolFirmwareFilePath"
                  value="Press to browse for a specific firmware version"/>
        <property key="ToolFirmwareOption.UseLatestFirmware" value="true"/>
        <property key="UART1" value="true"/>
        <property key="UART2" value="true"/>
        <property key="hwtoolclock.frcindebug" value="false"/>
        <property key="memories.aux" value="false"/>
        <property key="memories.bootflash" value="true"/>
        <property key="memories.configurationmemory" value="true"/>
        <property key="memories.eeprom" value="true"/>
        <property key="memories.flashdata" value="true"/>
        <property key="memories.id" value="true"/>
        <property key="memories.programmemory" value="true"/>
        <property key="memories.programmemory.end" value="0x1d003fff"/>
        <property key="memories.programmemory.start" value="0x1d000000"/>
        <property key="poweroptions.powerenable" value="false"/>
        <property key="programmertogo.imagename" value=""/>
        <property key="programoptions.donoteraseauxmem" value="false"/>
        <property key="programoptions.eraseb4program" value="true"/>
        <property key="programoptions.pgmspeed" value="2"/>
        <property key="programoptions.preserveeeprom" value="false"/>
        <property key="programoptions.preserveprogramrange" value="false"/>
        <property key="programoptions.preserveprogramrange.end" value="0x1d003fff"/>
        <property key="programoptions.preserveprogramrange.start" value="0x1d000000"/>
        <property key="programoptions.preserveuserid" value="false"/>
        <property key="programoptions.testmodeentrymethod" value="VPPFirst"/>
        <property key="programoptions.usehighvoltageonmclr" value="false"/>
        <property key="programoptions.uselvpprogramming" value="false"/>
        <property key="voltagevalue" value="3.25"/>
      </PICkit3PlatformTool>
      <Tool>
        <property key="ADC 1" value="true"/>
        <property key="AutoSelectMemRanges" value="auto"/>
        <property key="CHANGE NOTICE" value="true"/>
        <property key="COMPARATOR" value="true"/>
        <property key="CTMU" value="true"/>
        <property key="DMA" value="true"/>
        <property key="Freeze All Other Peripherals" value="true"/>
        <property key="I2C1" value="true"/>
        <property key="I2C2" value="true"/>
        <property key="INPUT CAPTURE 1" value="true"/>
        <property key="INPUT CAPTURE 2" value="true"/>
        <property key="INPUT CAPTURE 3" value="true"/>
        <property key="INPUT CAPTURE 4" value="true"/>
        <property key="INPUT CAPTURE 5" value="true"/>
        <property key="INTERRUPT CONTROL" value="true"/>
        <property key="OUTPUT COMPARE 1" value="true"/>
        <property key="OUTPUT COMPARE 2" value="true"/>
        <property key="OUTPUT COMPARE 3" value="true"/>
        <property key="OUTPUT COMPARE 4" value="true"/>
        <property key="OUTPUT COMPARE 5" value="true"/>
        <property key="PARALLEL MASTER/SLAVE PORT" value="true"/>
        <property key="REAL TIME CLOCK" value="true"/>
        <property key="SPI/I2S 1" value="true"/>
        <property key="SPI/I2S 2" value="true"/>
        <property key="SecureSegment.SegmentProgramming" value="FullChipProgramming"/>
        <property key="TIMER1" value="true"/>
        <property key="TIMER2" value="true"/>
        <property key="TIMER3" value="true"/>
        <property key="TIMER4" value="true"/>
        <property key="TIMER5" value="true"/>
        <property key="ToolFirmwareFilePath"
                  value="Press to browse for a specific firmware version"/>
        <property key="ToolFirmwareOption.UseLatestFirmware" value="true"/>
        <property key="UART1" value="true"/>
        <property key="UART2" value="true"/>
        <property key="hwtoolclock.frcindebug" value="false"/>
        <property key="memories.aux" value="false"/>
        <property key="memories.bootflash" value="true"/>
        <property key="memories.configurationmemory" value="true"/>
        <property key="memories.eeprom" value="true"/>
        <property key="memories.flashdata" value="true"/>
        <property key="memories.id" value="true"/>
        <property key="memories.programmemory" value="true"/>
        <property key="memories.programmemory.end" value="0x1d003fff"/>
        <property key="memories.programmemory.start" value="0x1d000000"/>
        <property key="poweroptions.powerenable" value="false"/>
        <property key="programmertogo.imagename" value=""/>
        <property key="programoptions.donoteraseauxmem" value="false"/>
        <property key="programoptions.eraseb4program" value="true"/>
        <property key="programoptions.pgmspeed" value="2"/>
        <property key="programoptions.preserveeeprom" value="false"/>
        <property key="programoptions.preserveprogramrange" value="false"/>
        <property key="programoptions.preserveprogramrange.end" value="0x1d003fff"/>
        <property key="programoptions.preserveprogramrange.start" value="0x1d000000"/>
        <property key="programoptions.preserveuserid" value="false"/>
        <property key="programoptions.testmodeentrymethod" value="VPPFirst"/>
        <property key="programoptions.usehighvoltageonmclr" value="false"/>
        <property key="programoptions.uselvpprogramming" value="false"/>
        <property key="voltagevalue" value="3.25"/>
      </Tool>
    </conf>
  </confs>
</configurationDescriptor>
