{
    "metaDataVersion": "1.0.0",
    "category": "com.microchip.portal.schemaDefinition",
    "content": {
        "metaDataVersion": "1.3.0",

        "name": "com.microchip.mcu32.mplabx.project.touch_host_driver_at42qt1110_sam_d21_xpro",
        "version": "1.0.0",

        "displayName": "AT42QT1110 Example for SAM D20/D21 Family",
        "projectName": "at42qt1110_sam_d21_xpro",

        "shortDescription": "MPLAB� Harmony 3 Touch Host Driver acts as an interface between the Turnkey devices and the Host microcontrollers for configuring and controlling various parameters of Turnkey devices.",

        "ide": {
            "name": "MPLABX",
            "semverRange": ">=5.50.0"
        },
        
		"compiler": [
			{
				"name": "XC32",
				"semverRange": ">=2.50.0"
			}
		],
        "dfp": {
			"name": "SAMD21_DFP",
			"semverRange": "^3.3.98"
            },
        
        "configurator": {
            "name": "MCC",
            "semverRange": ">=5.1.2"
        },
        
        "device": {
            "metaDataVersion": "1.0.0",
            "category": "com.microchip.portal.contentRef",
            "content": {
                "metaDataVersion": "1.0.0",
                "category": "com.microchip.device",
        "name": "ATSAMD21J18A",
                "versionRange": "*"
            }
        },
        "author": "Microchip",
        "peripherals":   ["SPI","UART"],
        "keywords": [
            "MHC",
            "Harmony",
            "Middleware",
            "Touch",
            "Host Driver",
            "Sercom",
            "Host"
        ],
        "additionalData": {
            "longDescription": {
                "metaDataVersion": "1.0.0",
                "category": "com.microchip.portal.fileRef",
                "content": {
                    "metaDataVersion": "1.0.0",
					"fileName": "../docs/readme_sam_d21_xpro.md",
                    "mimeType": "text/markdown"
                }
            }
        }
    }
}